dataset,language,krippendorff_alpha
comedi,chinese,-0.03451441468858474
comedi,english,0.10298309536754091
comedi,german,0.10676013462957334
comedi,norwegian,0.0845374674810978
comedi,russian,0.04926706975935258
comedi,spanish,0.21606187153644618
comedi,swedish,0.07844557245286177
mcl-wic,arabic,0.1913135996051636
mcl-wic,chinese,0.25866195714927187
mcl-wic,english,0.2714714702654837
mcl-wic,french,0.08991720383179536
mcl-wic,russian,0.11610893377549991
wic,english,0.09452639751552794
